[
  {
    "metadataId": "1",
    "imageRef": "1.png",
    "name": "Demo Chibling #1",
    "description": "A demo chinbling, handle with care"
  },
  {
    "metadataId": "2",
    "imageRef": "2.png",
    "name": "Demo Chibling #2",
    "description": "A demo chinbling, handle with care"
  },
  {
    "metadataId": "3",
    "imageRef": "3.png",
    "name": "Demo Chibling #3",
    "description": "A demo chinbling, handle with care"
  },
  {
    "metadataId": "4",
    "imageRef": "4.png",
    "name": "Demo Chibling #4",
    "description": "A demo chinbling, handle with care"
  },
  {
    "metadataId": "5",
    "imageRef": "5.png",
    "name": "Demo Chibling #5",
    "description": "A demo chinbling, handle with care"
  },
  {
    "metadataId": "6",
    "imageRef": "1.png",
    "name": "Demo Chibling #6",
    "description": "A demo chinbling, handle with care"
  },
  {
    "metadataId": "7",
    "imageRef": "2.png",
    "name": "Demo Chibling #7",
    "description": "A demo chinbling, handle with care"
  },
  {
    "metadataId": "8",
    "imageRef": "3.png",
    "name": "Demo Chibling #8",
    "description": "A demo chinbling, handle with care"
  },
  {
    "metadataId": "9",
    "imageRef": "4.png",
    "name": "Demo Chibling #9",
    "description": "A demo chinbling, handle with care"
  },
  {
    "metadataId": "10",
    "imageRef": "5.png",
    "name": "Demo Chibling #10",
    "description": "A demo chinbling, handle with care"
  },
  {
    "metadataId": "11",
    "imageRef": "1.png",
    "name": "Demo Chibling #11",
    "description": "A demo chinbling, handle with care"
  },
  {
    "metadataId": "12",
    "imageRef": "2.png",
    "name": "Demo Chibling #12",
    "description": "A demo chinbling, handle with care"
  },
  {
    "metadataId": "13",
    "imageRef": "3.png",
    "name": "Demo Chibling #13",
    "description": "A demo chinbling, handle with care"
  },
  {
    "metadataId": "14",
    "imageRef": "4.png",
    "name": "Demo Chibling #14",
    "description": "A demo chinbling, handle with care"
  },
  {
    "metadataId": "15",
    "imageRef": "5.png",
    "name": "Demo Chibling #15",
    "description": "A demo chinbling, handle with care"
  },
  {
    "metadataId": "16",
    "imageRef": "1.png",
    "name": "Demo Chibling #16",
    "description": "A demo chinbling, handle with care"
  },
  {
    "metadataId": "17",
    "imageRef": "2.png",
    "name": "Demo Chibling #17",
    "description": "A demo chinbling, handle with care"
  },
  {
    "metadataId": "18",
    "imageRef": "3.png",
    "name": "Demo Chibling #18",
    "description": "A demo chinbling, handle with care"
  },
  {
    "metadataId": "19",
    "imageRef": "4.png",
    "name": "Demo Chibling #19",
    "description": "A demo chinbling, handle with care"
  },
  {
    "metadataId": "20",
    "imageRef": "5.png",
    "name": "Demo Chibling #20",
    "description": "A demo chinbling, handle with care"
  },
  {
    "metadataId": "21",
    "imageRef": "1.png",
    "name": "Demo Chibling #21",
    "description": "A demo chinbling, handle with care"
  },
  {
    "metadataId": "22",
    "imageRef": "2.png",
    "name": "Demo Chibling #22",
    "description": "A demo chinbling, handle with care"
  },
  {
    "metadataId": "23",
    "imageRef": "3.png",
    "name": "Demo Chibling #23",
    "description": "A demo chinbling, handle with care"
  },
  {
    "metadataId": "24",
    "imageRef": "4.png",
    "name": "Demo Chibling #24",
    "description": "A demo chinbling, handle with care"
  },
  {
    "metadataId": "25",
    "imageRef": "5.png",
    "name": "Demo Chibling #25",
    "description": "A demo chinbling, handle with care"
  },
  {
    "metadataId": "26",
    "imageRef": "1.png",
    "name": "Demo Chibling #26",
    "description": "A demo chinbling, handle with care"
  },
  {
    "metadataId": "27",
    "imageRef": "2.png",
    "name": "Demo Chibling #27",
    "description": "A demo chinbling, handle with care"
  },
  {
    "metadataId": "28",
    "imageRef": "3.png",
    "name": "Demo Chibling #28",
    "description": "A demo chinbling, handle with care"
  },
  {
    "metadataId": "29",
    "imageRef": "4.png",
    "name": "Demo Chibling #29",
    "description": "A demo chinbling, handle with care"
  },
  {
    "metadataId": "30",
    "imageRef": "5.png",
    "name": "Demo Chibling #30",
    "description": "A demo chinbling, handle with care"
  },
  {
    "metadataId": "31",
    "imageRef": "1.png",
    "name": "Demo Chibling #31",
    "description": "A demo chinbling, handle with care"
  },
  {
    "metadataId": "32",
    "imageRef": "2.png",
    "name": "Demo Chibling #32",
    "description": "A demo chinbling, handle with care"
  },
  {
    "metadataId": "33",
    "imageRef": "3.png",
    "name": "Demo Chibling #33",
    "description": "A demo chinbling, handle with care"
  },
  {
    "metadataId": "34",
    "imageRef": "4.png",
    "name": "Demo Chibling #34",
    "description": "A demo chinbling, handle with care"
  },
  {
    "metadataId": "35",
    "imageRef": "5.png",
    "name": "Demo Chibling #35",
    "description": "A demo chinbling, handle with care"
  },
  {
    "metadataId": "36",
    "imageRef": "1.png",
    "name": "Demo Chibling #36",
    "description": "A demo chinbling, handle with care"
  },
  {
    "metadataId": "37",
    "imageRef": "2.png",
    "name": "Demo Chibling #37",
    "description": "A demo chinbling, handle with care"
  },
  {
    "metadataId": "38",
    "imageRef": "3.png",
    "name": "Demo Chibling #38",
    "description": "A demo chinbling, handle with care"
  },
  {
    "metadataId": "39",
    "imageRef": "4.png",
    "name": "Demo Chibling #39",
    "description": "A demo chinbling, handle with care"
  },
  {
    "metadataId": "40",
    "imageRef": "5.png",
    "name": "Demo Chibling #40",
    "description": "A demo chinbling, handle with care"
  },
  {
    "metadataId": "41",
    "imageRef": "1.png",
    "name": "Demo Chibling #41",
    "description": "A demo chinbling, handle with care"
  },
  {
    "metadataId": "42",
    "imageRef": "2.png",
    "name": "Demo Chibling #42",
    "description": "A demo chinbling, handle with care"
  },
  {
    "metadataId": "43",
    "imageRef": "3.png",
    "name": "Demo Chibling #43",
    "description": "A demo chinbling, handle with care"
  },
  {
    "metadataId": "44",
    "imageRef": "4.png",
    "name": "Demo Chibling #44",
    "description": "A demo chinbling, handle with care"
  },
  {
    "metadataId": "45",
    "imageRef": "5.png",
    "name": "Demo Chibling #45",
    "description": "A demo chinbling, handle with care"
  },
  {
    "metadataId": "46",
    "imageRef": "1.png",
    "name": "Demo Chibling #46",
    "description": "A demo chinbling, handle with care"
  },
  {
    "metadataId": "47",
    "imageRef": "2.png",
    "name": "Demo Chibling #47",
    "description": "A demo chinbling, handle with care"
  },
  {
    "metadataId": "48",
    "imageRef": "3.png",
    "name": "Demo Chibling #48",
    "description": "A demo chinbling, handle with care"
  },
  {
    "metadataId": "49",
    "imageRef": "4.png",
    "name": "Demo Chibling #49",
    "description": "A demo chinbling, handle with care"
  },
  {
    "metadataId": "50",
    "imageRef": "5.png",
    "name": "Demo Chibling #50",
    "description": "A demo chinbling, handle with care"
  },
  {
    "metadataId": "51",
    "imageRef": "1.png",
    "name": "Demo Chibling #51",
    "description": "A demo chinbling, handle with care"
  },
  {
    "metadataId": "52",
    "imageRef": "2.png",
    "name": "Demo Chibling #52",
    "description": "A demo chinbling, handle with care"
  },
  {
    "metadataId": "53",
    "imageRef": "3.png",
    "name": "Demo Chibling #53",
    "description": "A demo chinbling, handle with care"
  },
  {
    "metadataId": "54",
    "imageRef": "4.png",
    "name": "Demo Chibling #54",
    "description": "A demo chinbling, handle with care"
  },
  {
    "metadataId": "55",
    "imageRef": "5.png",
    "name": "Demo Chibling #55",
    "description": "A demo chinbling, handle with care"
  },
  {
    "metadataId": "56",
    "imageRef": "1.png",
    "name": "Demo Chibling #56",
    "description": "A demo chinbling, handle with care"
  },
  {
    "metadataId": "57",
    "imageRef": "2.png",
    "name": "Demo Chibling #57",
    "description": "A demo chinbling, handle with care"
  },
  {
    "metadataId": "58",
    "imageRef": "3.png",
    "name": "Demo Chibling #58",
    "description": "A demo chinbling, handle with care"
  },
  {
    "metadataId": "59",
    "imageRef": "4.png",
    "name": "Demo Chibling #59",
    "description": "A demo chinbling, handle with care"
  },
  {
    "metadataId": "60",
    "imageRef": "5.png",
    "name": "Demo Chibling #60",
    "description": "A demo chinbling, handle with care"
  },
  {
    "metadataId": "61",
    "imageRef": "1.png",
    "name": "Demo Chibling #61",
    "description": "A demo chinbling, handle with care"
  },
  {
    "metadataId": "62",
    "imageRef": "2.png",
    "name": "Demo Chibling #62",
    "description": "A demo chinbling, handle with care"
  },
  {
    "metadataId": "63",
    "imageRef": "3.png",
    "name": "Demo Chibling #63",
    "description": "A demo chinbling, handle with care"
  },
  {
    "metadataId": "64",
    "imageRef": "4.png",
    "name": "Demo Chibling #64",
    "description": "A demo chinbling, handle with care"
  },
  {
    "metadataId": "65",
    "imageRef": "5.png",
    "name": "Demo Chibling #65",
    "description": "A demo chinbling, handle with care"
  },
  {
    "metadataId": "66",
    "imageRef": "1.png",
    "name": "Demo Chibling #66",
    "description": "A demo chinbling, handle with care"
  },
  {
    "metadataId": "67",
    "imageRef": "2.png",
    "name": "Demo Chibling #67",
    "description": "A demo chinbling, handle with care"
  },
  {
    "metadataId": "68",
    "imageRef": "3.png",
    "name": "Demo Chibling #68",
    "description": "A demo chinbling, handle with care"
  },
  {
    "metadataId": "69",
    "imageRef": "4.png",
    "name": "Demo Chibling #69",
    "description": "A demo chinbling, handle with care"
  },
  {
    "metadataId": "70",
    "imageRef": "5.png",
    "name": "Demo Chibling #70",
    "description": "A demo chinbling, handle with care"
  },
  {
    "metadataId": "71",
    "imageRef": "1.png",
    "name": "Demo Chibling #71",
    "description": "A demo chinbling, handle with care"
  },
  {
    "metadataId": "72",
    "imageRef": "2.png",
    "name": "Demo Chibling #72",
    "description": "A demo chinbling, handle with care"
  },
  {
    "metadataId": "73",
    "imageRef": "3.png",
    "name": "Demo Chibling #73",
    "description": "A demo chinbling, handle with care"
  },
  {
    "metadataId": "74",
    "imageRef": "4.png",
    "name": "Demo Chibling #74",
    "description": "A demo chinbling, handle with care"
  },
  {
    "metadataId": "75",
    "imageRef": "5.png",
    "name": "Demo Chibling #75",
    "description": "A demo chinbling, handle with care"
  },
  {
    "metadataId": "76",
    "imageRef": "1.png",
    "name": "Demo Chibling #76",
    "description": "A demo chinbling, handle with care"
  },
  {
    "metadataId": "77",
    "imageRef": "2.png",
    "name": "Demo Chibling #77",
    "description": "A demo chinbling, handle with care"
  },
  {
    "metadataId": "78",
    "imageRef": "3.png",
    "name": "Demo Chibling #78",
    "description": "A demo chinbling, handle with care"
  },
  {
    "metadataId": "79",
    "imageRef": "4.png",
    "name": "Demo Chibling #79",
    "description": "A demo chinbling, handle with care"
  },
  {
    "metadataId": "80",
    "imageRef": "5.png",
    "name": "Demo Chibling #80",
    "description": "A demo chinbling, handle with care"
  },
  {
    "metadataId": "81",
    "imageRef": "1.png",
    "name": "Demo Chibling #81",
    "description": "A demo chinbling, handle with care"
  },
  {
    "metadataId": "82",
    "imageRef": "2.png",
    "name": "Demo Chibling #82",
    "description": "A demo chinbling, handle with care"
  },
  {
    "metadataId": "83",
    "imageRef": "3.png",
    "name": "Demo Chibling #83",
    "description": "A demo chinbling, handle with care"
  },
  {
    "metadataId": "84",
    "imageRef": "4.png",
    "name": "Demo Chibling #84",
    "description": "A demo chinbling, handle with care"
  },
  {
    "metadataId": "85",
    "imageRef": "5.png",
    "name": "Demo Chibling #85",
    "description": "A demo chinbling, handle with care"
  },
  {
    "metadataId": "86",
    "imageRef": "1.png",
    "name": "Demo Chibling #86",
    "description": "A demo chinbling, handle with care"
  },
  {
    "metadataId": "87",
    "imageRef": "2.png",
    "name": "Demo Chibling #87",
    "description": "A demo chinbling, handle with care"
  },
  {
    "metadataId": "88",
    "imageRef": "3.png",
    "name": "Demo Chibling #88",
    "description": "A demo chinbling, handle with care"
  },
  {
    "metadataId": "89",
    "imageRef": "4.png",
    "name": "Demo Chibling #89",
    "description": "A demo chinbling, handle with care"
  },
  {
    "metadataId": "90",
    "imageRef": "5.png",
    "name": "Demo Chibling #90",
    "description": "A demo chinbling, handle with care"
  },
  {
    "metadataId": "91",
    "imageRef": "1.png",
    "name": "Demo Chibling #91",
    "description": "A demo chinbling, handle with care"
  },
  {
    "metadataId": "92",
    "imageRef": "2.png",
    "name": "Demo Chibling #92",
    "description": "A demo chinbling, handle with care"
  },
  {
    "metadataId": "93",
    "imageRef": "3.png",
    "name": "Demo Chibling #93",
    "description": "A demo chinbling, handle with care"
  },
  {
    "metadataId": "94",
    "imageRef": "4.png",
    "name": "Demo Chibling #94",
    "description": "A demo chinbling, handle with care"
  },
  {
    "metadataId": "95",
    "imageRef": "5.png",
    "name": "Demo Chibling #95",
    "description": "A demo chinbling, handle with care"
  },
  {
    "metadataId": "96",
    "imageRef": "1.png",
    "name": "Demo Chibling #96",
    "description": "A demo chinbling, handle with care"
  },
  {
    "metadataId": "97",
    "imageRef": "2.png",
    "name": "Demo Chibling #97",
    "description": "A demo chinbling, handle with care"
  },
  {
    "metadataId": "98",
    "imageRef": "3.png",
    "name": "Demo Chibling #98",
    "description": "A demo chinbling, handle with care"
  },
  {
    "metadataId": "99",
    "imageRef": "4.png",
    "name": "Demo Chibling #99",
    "description": "A demo chinbling, handle with care"
  },
  {
    "metadataId": "100",
    "imageRef": "5.png",
    "name": "Demo Chibling #100",
    "description": "A demo chinbling, handle with care"
  },
  {
    "metadataId": "101",
    "imageRef": "1.png",
    "name": "Demo Chibling #101",
    "description": "A demo chinbling, handle with care"
  },
  {
    "metadataId": "102",
    "imageRef": "2.png",
    "name": "Demo Chibling #102",
    "description": "A demo chinbling, handle with care"
  },
  {
    "metadataId": "103",
    "imageRef": "3.png",
    "name": "Demo Chibling #103",
    "description": "A demo chinbling, handle with care"
  },
  {
    "metadataId": "104",
    "imageRef": "4.png",
    "name": "Demo Chibling #104",
    "description": "A demo chinbling, handle with care"
  },
  {
    "metadataId": "105",
    "imageRef": "5.png",
    "name": "Demo Chibling #105",
    "description": "A demo chinbling, handle with care"
  },
  {
    "metadataId": "106",
    "imageRef": "1.png",
    "name": "Demo Chibling #106",
    "description": "A demo chinbling, handle with care"
  },
  {
    "metadataId": "107",
    "imageRef": "2.png",
    "name": "Demo Chibling #107",
    "description": "A demo chinbling, handle with care"
  },
  {
    "metadataId": "108",
    "imageRef": "3.png",
    "name": "Demo Chibling #108",
    "description": "A demo chinbling, handle with care"
  },
  {
    "metadataId": "109",
    "imageRef": "4.png",
    "name": "Demo Chibling #109",
    "description": "A demo chinbling, handle with care"
  },
  {
    "metadataId": "110",
    "imageRef": "5.png",
    "name": "Demo Chibling #110",
    "description": "A demo chinbling, handle with care"
  },
  {
    "metadataId": "111",
    "imageRef": "1.png",
    "name": "Demo Chibling #111",
    "description": "A demo chinbling, handle with care"
  },
  {
    "metadataId": "112",
    "imageRef": "2.png",
    "name": "Demo Chibling #112",
    "description": "A demo chinbling, handle with care"
  },
  {
    "metadataId": "113",
    "imageRef": "3.png",
    "name": "Demo Chibling #113",
    "description": "A demo chinbling, handle with care"
  },
  {
    "metadataId": "114",
    "imageRef": "4.png",
    "name": "Demo Chibling #114",
    "description": "A demo chinbling, handle with care"
  },
  {
    "metadataId": "115",
    "imageRef": "5.png",
    "name": "Demo Chibling #115",
    "description": "A demo chinbling, handle with care"
  },
  {
    "metadataId": "116",
    "imageRef": "1.png",
    "name": "Demo Chibling #116",
    "description": "A demo chinbling, handle with care"
  },
  {
    "metadataId": "117",
    "imageRef": "2.png",
    "name": "Demo Chibling #117",
    "description": "A demo chinbling, handle with care"
  },
  {
    "metadataId": "118",
    "imageRef": "3.png",
    "name": "Demo Chibling #118",
    "description": "A demo chinbling, handle with care"
  },
  {
    "metadataId": "119",
    "imageRef": "4.png",
    "name": "Demo Chibling #119",
    "description": "A demo chinbling, handle with care"
  },
  {
    "metadataId": "120",
    "imageRef": "5.png",
    "name": "Demo Chibling #120",
    "description": "A demo chinbling, handle with care"
  },
  {
    "metadataId": "121",
    "imageRef": "1.png",
    "name": "Demo Chibling #121",
    "description": "A demo chinbling, handle with care"
  },
  {
    "metadataId": "122",
    "imageRef": "2.png",
    "name": "Demo Chibling #122",
    "description": "A demo chinbling, handle with care"
  },
  {
    "metadataId": "123",
    "imageRef": "3.png",
    "name": "Demo Chibling #123",
    "description": "A demo chinbling, handle with care"
  },
  {
    "metadataId": "124",
    "imageRef": "4.png",
    "name": "Demo Chibling #124",
    "description": "A demo chinbling, handle with care"
  },
  {
    "metadataId": "125",
    "imageRef": "5.png",
    "name": "Demo Chibling #125",
    "description": "A demo chinbling, handle with care"
  },
  {
    "metadataId": "126",
    "imageRef": "1.png",
    "name": "Demo Chibling #126",
    "description": "A demo chinbling, handle with care"
  },
  {
    "metadataId": "127",
    "imageRef": "2.png",
    "name": "Demo Chibling #127",
    "description": "A demo chinbling, handle with care"
  },
  {
    "metadataId": "128",
    "imageRef": "3.png",
    "name": "Demo Chibling #128",
    "description": "A demo chinbling, handle with care"
  },
  {
    "metadataId": "129",
    "imageRef": "4.png",
    "name": "Demo Chibling #129",
    "description": "A demo chinbling, handle with care"
  },
  {
    "metadataId": "130",
    "imageRef": "5.png",
    "name": "Demo Chibling #130",
    "description": "A demo chinbling, handle with care"
  },
  {
    "metadataId": "131",
    "imageRef": "1.png",
    "name": "Demo Chibling #131",
    "description": "A demo chinbling, handle with care"
  },
  {
    "metadataId": "132",
    "imageRef": "2.png",
    "name": "Demo Chibling #132",
    "description": "A demo chinbling, handle with care"
  },
  {
    "metadataId": "133",
    "imageRef": "3.png",
    "name": "Demo Chibling #133",
    "description": "A demo chinbling, handle with care"
  },
  {
    "metadataId": "134",
    "imageRef": "4.png",
    "name": "Demo Chibling #134",
    "description": "A demo chinbling, handle with care"
  },
  {
    "metadataId": "135",
    "imageRef": "5.png",
    "name": "Demo Chibling #135",
    "description": "A demo chinbling, handle with care"
  },
  {
    "metadataId": "136",
    "imageRef": "1.png",
    "name": "Demo Chibling #136",
    "description": "A demo chinbling, handle with care"
  },
  {
    "metadataId": "137",
    "imageRef": "2.png",
    "name": "Demo Chibling #137",
    "description": "A demo chinbling, handle with care"
  },
  {
    "metadataId": "138",
    "imageRef": "3.png",
    "name": "Demo Chibling #138",
    "description": "A demo chinbling, handle with care"
  },
  {
    "metadataId": "139",
    "imageRef": "4.png",
    "name": "Demo Chibling #139",
    "description": "A demo chinbling, handle with care"
  },
  {
    "metadataId": "140",
    "imageRef": "5.png",
    "name": "Demo Chibling #140",
    "description": "A demo chinbling, handle with care"
  },
  {
    "metadataId": "141",
    "imageRef": "1.png",
    "name": "Demo Chibling #141",
    "description": "A demo chinbling, handle with care"
  },
  {
    "metadataId": "142",
    "imageRef": "2.png",
    "name": "Demo Chibling #142",
    "description": "A demo chinbling, handle with care"
  },
  {
    "metadataId": "143",
    "imageRef": "3.png",
    "name": "Demo Chibling #143",
    "description": "A demo chinbling, handle with care"
  },
  {
    "metadataId": "144",
    "imageRef": "4.png",
    "name": "Demo Chibling #144",
    "description": "A demo chinbling, handle with care"
  },
  {
    "metadataId": "145",
    "imageRef": "5.png",
    "name": "Demo Chibling #145",
    "description": "A demo chinbling, handle with care"
  },
  {
    "metadataId": "146",
    "imageRef": "1.png",
    "name": "Demo Chibling #146",
    "description": "A demo chinbling, handle with care"
  },
  {
    "metadataId": "147",
    "imageRef": "2.png",
    "name": "Demo Chibling #147",
    "description": "A demo chinbling, handle with care"
  },
  {
    "metadataId": "148",
    "imageRef": "3.png",
    "name": "Demo Chibling #148",
    "description": "A demo chinbling, handle with care"
  },
  {
    "metadataId": "149",
    "imageRef": "4.png",
    "name": "Demo Chibling #149",
    "description": "A demo chinbling, handle with care"
  },
  {
    "metadataId": "150",
    "imageRef": "5.png",
    "name": "Demo Chibling #150",
    "description": "A demo chinbling, handle with care"
  },
  {
    "metadataId": "151",
    "imageRef": "1.png",
    "name": "Demo Chibling #151",
    "description": "A demo chinbling, handle with care"
  },
  {
    "metadataId": "152",
    "imageRef": "2.png",
    "name": "Demo Chibling #152",
    "description": "A demo chinbling, handle with care"
  },
  {
    "metadataId": "153",
    "imageRef": "3.png",
    "name": "Demo Chibling #153",
    "description": "A demo chinbling, handle with care"
  },
  {
    "metadataId": "154",
    "imageRef": "4.png",
    "name": "Demo Chibling #154",
    "description": "A demo chinbling, handle with care"
  },
  {
    "metadataId": "155",
    "imageRef": "5.png",
    "name": "Demo Chibling #155",
    "description": "A demo chinbling, handle with care"
  },
  {
    "metadataId": "156",
    "imageRef": "1.png",
    "name": "Demo Chibling #156",
    "description": "A demo chinbling, handle with care"
  },
  {
    "metadataId": "157",
    "imageRef": "2.png",
    "name": "Demo Chibling #157",
    "description": "A demo chinbling, handle with care"
  },
  {
    "metadataId": "158",
    "imageRef": "3.png",
    "name": "Demo Chibling #158",
    "description": "A demo chinbling, handle with care"
  },
  {
    "metadataId": "159",
    "imageRef": "4.png",
    "name": "Demo Chibling #159",
    "description": "A demo chinbling, handle with care"
  },
  {
    "metadataId": "160",
    "imageRef": "5.png",
    "name": "Demo Chibling #160",
    "description": "A demo chinbling, handle with care"
  },
  {
    "metadataId": "161",
    "imageRef": "1.png",
    "name": "Demo Chibling #161",
    "description": "A demo chinbling, handle with care"
  },
  {
    "metadataId": "162",
    "imageRef": "2.png",
    "name": "Demo Chibling #162",
    "description": "A demo chinbling, handle with care"
  },
  {
    "metadataId": "163",
    "imageRef": "3.png",
    "name": "Demo Chibling #163",
    "description": "A demo chinbling, handle with care"
  },
  {
    "metadataId": "164",
    "imageRef": "4.png",
    "name": "Demo Chibling #164",
    "description": "A demo chinbling, handle with care"
  },
  {
    "metadataId": "165",
    "imageRef": "5.png",
    "name": "Demo Chibling #165",
    "description": "A demo chinbling, handle with care"
  },
  {
    "metadataId": "166",
    "imageRef": "1.png",
    "name": "Demo Chibling #166",
    "description": "A demo chinbling, handle with care"
  },
  {
    "metadataId": "167",
    "imageRef": "2.png",
    "name": "Demo Chibling #167",
    "description": "A demo chinbling, handle with care"
  },
  {
    "metadataId": "168",
    "imageRef": "3.png",
    "name": "Demo Chibling #168",
    "description": "A demo chinbling, handle with care"
  },
  {
    "metadataId": "169",
    "imageRef": "4.png",
    "name": "Demo Chibling #169",
    "description": "A demo chinbling, handle with care"
  },
  {
    "metadataId": "170",
    "imageRef": "5.png",
    "name": "Demo Chibling #170",
    "description": "A demo chinbling, handle with care"
  },
  {
    "metadataId": "171",
    "imageRef": "1.png",
    "name": "Demo Chibling #171",
    "description": "A demo chinbling, handle with care"
  },
  {
    "metadataId": "172",
    "imageRef": "2.png",
    "name": "Demo Chibling #172",
    "description": "A demo chinbling, handle with care"
  },
  {
    "metadataId": "173",
    "imageRef": "3.png",
    "name": "Demo Chibling #173",
    "description": "A demo chinbling, handle with care"
  },
  {
    "metadataId": "174",
    "imageRef": "4.png",
    "name": "Demo Chibling #174",
    "description": "A demo chinbling, handle with care"
  },
  {
    "metadataId": "175",
    "imageRef": "5.png",
    "name": "Demo Chibling #175",
    "description": "A demo chinbling, handle with care"
  },
  {
    "metadataId": "176",
    "imageRef": "1.png",
    "name": "Demo Chibling #176",
    "description": "A demo chinbling, handle with care"
  },
  {
    "metadataId": "177",
    "imageRef": "2.png",
    "name": "Demo Chibling #177",
    "description": "A demo chinbling, handle with care"
  },
  {
    "metadataId": "178",
    "imageRef": "3.png",
    "name": "Demo Chibling #178",
    "description": "A demo chinbling, handle with care"
  },
  {
    "metadataId": "179",
    "imageRef": "4.png",
    "name": "Demo Chibling #179",
    "description": "A demo chinbling, handle with care"
  },
  {
    "metadataId": "180",
    "imageRef": "5.png",
    "name": "Demo Chibling #180",
    "description": "A demo chinbling, handle with care"
  },
  {
    "metadataId": "181",
    "imageRef": "1.png",
    "name": "Demo Chibling #181",
    "description": "A demo chinbling, handle with care"
  },
  {
    "metadataId": "182",
    "imageRef": "2.png",
    "name": "Demo Chibling #182",
    "description": "A demo chinbling, handle with care"
  },
  {
    "metadataId": "183",
    "imageRef": "3.png",
    "name": "Demo Chibling #183",
    "description": "A demo chinbling, handle with care"
  },
  {
    "metadataId": "184",
    "imageRef": "4.png",
    "name": "Demo Chibling #184",
    "description": "A demo chinbling, handle with care"
  },
  {
    "metadataId": "185",
    "imageRef": "5.png",
    "name": "Demo Chibling #185",
    "description": "A demo chinbling, handle with care"
  },
  {
    "metadataId": "186",
    "imageRef": "1.png",
    "name": "Demo Chibling #186",
    "description": "A demo chinbling, handle with care"
  },
  {
    "metadataId": "187",
    "imageRef": "2.png",
    "name": "Demo Chibling #187",
    "description": "A demo chinbling, handle with care"
  },
  {
    "metadataId": "188",
    "imageRef": "3.png",
    "name": "Demo Chibling #188",
    "description": "A demo chinbling, handle with care"
  },
  {
    "metadataId": "189",
    "imageRef": "4.png",
    "name": "Demo Chibling #189",
    "description": "A demo chinbling, handle with care"
  },
  {
    "metadataId": "190",
    "imageRef": "5.png",
    "name": "Demo Chibling #190",
    "description": "A demo chinbling, handle with care"
  },
  {
    "metadataId": "191",
    "imageRef": "1.png",
    "name": "Demo Chibling #191",
    "description": "A demo chinbling, handle with care"
  },
  {
    "metadataId": "192",
    "imageRef": "2.png",
    "name": "Demo Chibling #192",
    "description": "A demo chinbling, handle with care"
  },
  {
    "metadataId": "193",
    "imageRef": "3.png",
    "name": "Demo Chibling #193",
    "description": "A demo chinbling, handle with care"
  },
  {
    "metadataId": "194",
    "imageRef": "4.png",
    "name": "Demo Chibling #194",
    "description": "A demo chinbling, handle with care"
  },
  {
    "metadataId": "195",
    "imageRef": "5.png",
    "name": "Demo Chibling #195",
    "description": "A demo chinbling, handle with care"
  },
  {
    "metadataId": "196",
    "imageRef": "1.png",
    "name": "Demo Chibling #196",
    "description": "A demo chinbling, handle with care"
  },
  {
    "metadataId": "197",
    "imageRef": "2.png",
    "name": "Demo Chibling #197",
    "description": "A demo chinbling, handle with care"
  },
  {
    "metadataId": "198",
    "imageRef": "3.png",
    "name": "Demo Chibling #198",
    "description": "A demo chinbling, handle with care"
  },
  {
    "metadataId": "199",
    "imageRef": "4.png",
    "name": "Demo Chibling #199",
    "description": "A demo chinbling, handle with care"
  },
  {
    "metadataId": "200",
    "imageRef": "5.png",
    "name": "Demo Chibling #200",
    "description": "A demo chinbling, handle with care"
  }
]